{"count":1,"self":2529.3928447999997,"total":9086.212629,"children":{"InitializeActuators":{"count":25,"self":0.0015037,"total":0.0015037,"children":null},"InitializeSensors":{"count":25,"self":0,"total":0,"children":null},"AgentSendState":{"count":1943851,"self":61.570207999999994,"total":402.88930059999996,"children":{"CollectObservations":{"count":47041195,"self":153.0721664,"total":153.0721671,"children":null},"WriteActionMask":{"count":47041195,"self":14.4378304,"total":14.437831,"children":null},"RequestDecision":{"count":47041195,"self":58.3580032,"total":173.8090966,"children":{"AgentInfo.ToProto":{"count":47041195,"self":46.813904,"total":115.4510949,"children":{"GenerateSensorData":{"count":47041195,"self":68.6371904,"total":68.637191399999992,"children":null}}}}}}},"DecideAction":{"count":1943851,"self":6136.5583872,"total":6136.5585099,"children":null},"AgentAct":{"count":1943851,"self":17.270873599999998,"total":17.271876,"children":{"AgentInfo.ToProto":{"count":310,"self":0,"total":0.0010023999999999999,"children":{"GenerateSensorData":{"count":310,"self":0.0010023999999999999,"total":0.0010023999999999999,"children":null}}}}},"AgentInfo.ToProto":{"count":14745,"self":0.0531959,"total":0.098025199999999993,"children":{"GenerateSensorData":{"count":14745,"self":0.044829299999999996,"total":0.044829299999999996,"children":null}}}},"gauges":{"BoatBehavior.CumulativeReward":{"count":1926,"max":340,"min":-1000,"runningAverage":57.3079071,"value":-10,"weightedAverage":0.296969652},"MoveToGoal.CumulativeReward":{"count":13129,"max":2,"min":-2,"runningAverage":0.500570953,"value":1,"weightedAverage":0.6927238}},"metadata":{"timer_format_version":"0.1.0","start_time_seconds":"1745860466","unity_version":"6000.0.40f1","command_line_arguments":"C:\\Program Files\\Unity\\Hub\\Editor\\6000.0.40f1\\Editor\\Unity.exe -projectpath C:\\UnityProjectsC\\XR-BINIU -useHub -hubIPC -cloudEnvironment production","communication_protocol_version":"1.5.0","com.unity.ml-agents_version":"3.0.0","scene_name":"DAXScene","end_time_seconds":"1745869552"}}