{
    "name": "root",
    "gauges": {
        "Car.Policy.Entropy.mean": {
            "value": 0.1745297610759735,
            "min": 0.13813047111034393,
            "max": 1.6441162824630737,
            "count": 50
        },
        "Car.Policy.Entropy.sum": {
            "value": 1749.83544921875,
            "min": 1399.814208984375,
            "max": 16720.662109375,
            "count": 50
        },
        "Car.Step.mean": {
            "value": 499973.0,
            "min": 9990.0,
            "max": 499973.0,
            "count": 50
        },
        "Car.Step.sum": {
            "value": 499973.0,
            "min": 9990.0,
            "max": 499973.0,
            "count": 50
        },
        "Car.Policy.ExtrinsicValueEstimate.mean": {
            "value": 29.38668441772461,
            "min": 0.8923532962799072,
            "max": 35.23228073120117,
            "count": 50
        },
        "Car.Policy.ExtrinsicValueEstimate.sum": {
            "value": 5025.123046875,
            "min": 150.80770874023438,
            "max": 5946.71728515625,
            "count": 50
        },
        "Car.Losses.PolicyLoss.mean": {
            "value": 0.24647081829352827,
            "min": 0.23558483827121654,
            "max": 0.25315338245435276,
            "count": 50
        },
        "Car.Losses.PolicyLoss.sum": {
            "value": 18.978253008601676,
            "min": 13.943116155851936,
            "max": 19.50507129101369,
            "count": 50
        },
        "Car.Losses.ValueLoss.mean": {
            "value": 96.87370735821362,
            "min": 0.5924964104822925,
            "max": 134.50818782690288,
            "count": 50
        },
        "Car.Losses.ValueLoss.sum": {
            "value": 7459.275466582449,
            "min": 33.17979898700838,
            "max": 10357.130462671521,
            "count": 50
        },
        "Car.Policy.LearningRate.mean": {
            "value": 2.98349381072987e-06,
            "min": 2.98349381072987e-06,
            "max": 0.00029655891543274284,
            "count": 50
        },
        "Car.Policy.LearningRate.sum": {
            "value": 0.0002297290234262,
            "min": 0.0002297290234262,
            "max": 0.0210177258940916,
            "count": 50
        },
        "Car.Policy.Epsilon.mean": {
            "value": 0.10099446493506495,
            "min": 0.10099446493506495,
            "max": 0.19885297142857145,
            "count": 50
        },
        "Car.Policy.Epsilon.sum": {
            "value": 7.776573800000001,
            "min": 7.776573800000001,
            "max": 14.705908400000002,
            "count": 50
        },
        "Car.Policy.Beta.mean": {
            "value": 0.0005000000000000001,
            "min": 0.0005,
            "max": 0.0005000000000000001,
            "count": 50
        },
        "Car.Policy.Beta.sum": {
            "value": 0.038500000000000006,
            "min": 0.028000000000000004,
            "max": 0.03950000000000001,
            "count": 50
        },
        "Car.Environment.EpisodeLength.mean": {
            "value": 387.8333333333333,
            "min": 274.6857142857143,
            "max": 553.0,
            "count": 50
        },
        "Car.Environment.EpisodeLength.sum": {
            "value": 9308.0,
            "min": 8149.0,
            "max": 11098.0,
            "count": 50
        },
        "Car.Environment.CumulativeReward.mean": {
            "value": 121.5,
            "min": 5.288461538461538,
            "max": 174.61363636363637,
            "count": 50
        },
        "Car.Environment.CumulativeReward.sum": {
            "value": 2916.0,
            "min": 137.5,
            "max": 4152.0,
            "count": 50
        },
        "Car.Policy.ExtrinsicReward.mean": {
            "value": 121.5,
            "min": 5.288461538461538,
            "max": 174.61363636363637,
            "count": 50
        },
        "Car.Policy.ExtrinsicReward.sum": {
            "value": 2916.0,
            "min": 137.5,
            "max": 4152.0,
            "count": 50
        },
        "Car.IsTraining.mean": {
            "value": 1.0,
            "min": 1.0,
            "max": 1.0,
            "count": 50
        },
        "Car.IsTraining.sum": {
            "value": 1.0,
            "min": 1.0,
            "max": 1.0,
            "count": 50
        }
    },
    "metadata": {
        "timer_format_version": "0.1.0",
        "start_time_seconds": "1747272247",
        "python_version": "3.10.0 (tags/v3.10.0:b494f59, Oct  4 2021, 19:00:18) [MSC v.1929 64 bit (AMD64)]",
        "command_line_arguments": "C:\\Users\\Cosinus\\workspace\\Propaganda\\XR-BINIU\\venv\\Scripts\\mlagents-learn config/CarDrive.yaml --force",
        "mlagents_version": "0.30.0",
        "mlagents_envs_version": "0.30.0",
        "communication_protocol_version": "1.5.0",
        "pytorch_version": "2.7.0+cpu",
        "numpy_version": "1.21.2",
        "end_time_seconds": "1747273434"
    },
    "total": 1187.218427300002,
    "count": 1,
    "self": 0.006406699991202913,
    "children": {
        "run_training.setup": {
            "total": 0.05544860000372864,
            "count": 1,
            "self": 0.05544860000372864
        },
        "TrainerController.start_learning": {
            "total": 1187.1565720000071,
            "count": 1,
            "self": 1.2992379997158423,
            "children": {
                "TrainerController._reset_env": {
                    "total": 9.875281700005871,
                    "count": 1,
                    "self": 9.875281700005871
                },
                "TrainerController.advance": {
                    "total": 1175.9214815002779,
                    "count": 83367,
                    "self": 1.082794900794397,
                    "children": {
                        "env_step": {
                            "total": 529.1240345990809,
                            "count": 83367,
                            "self": 435.05467529658927,
                            "children": {
                                "SubprocessEnvManager._take_step": {
                                    "total": 93.26110720228462,
                                    "count": 83367,
                                    "self": 3.643536098956247,
                                    "children": {
                                        "TorchPolicy.evaluate": {
                                            "total": 89.61757110332837,
                                            "count": 83367,
                                            "self": 89.61757110332837
                                        }
                                    }
                                },
                                "workers": {
                                    "total": 0.808252100207028,
                                    "count": 83367,
                                    "self": 0.0,
                                    "children": {
                                        "worker_root": {
                                            "total": 1176.5798907991993,
                                            "count": 83367,
                                            "is_parallel": true,
                                            "self": 813.1959096996725,
                                            "children": {
                                                "steps_from_proto": {
                                                    "total": 0.0004226000019116327,
                                                    "count": 1,
                                                    "is_parallel": true,
                                                    "self": 0.0001782000035746023,