{
    "name": "root",
    "gauges": {
        "Car.Policy.Entropy.mean": {
            "value": 0.8622603416442871,
            "min": 0.8622603416442871,
            "max": 1.6900031566619873,
            "count": 2
        },
        "Car.Policy.Entropy.sum": {
            "value": 8635.537109375,
            "min": 8635.537109375,
            "max": 17102.83203125,
            "count": 2
        },
        "Car.Environment.EpisodeLength.mean": {
            "value": 345.4642857142857,
            "min": 227.26829268292684,
            "max": 345.4642857142857,
            "count": 2
        },
        "Car.Environment.EpisodeLength.sum": {
            "value": 9673.0,
            "min": 9318.0,
            "max": 9673.0,
            "count": 2
        },
        "Car.Step.mean": {
            "value": 19956.0,
            "min": 9999.0,
            "max": 19956.0,
            "count": 2
        },
        "Car.Step.sum": {
            "value": 19956.0,
            "min": 9999.0,
            "max": 19956.0,
            "count": 2
        },
        "Car.Policy.ExtrinsicValueEstimate.mean": {
            "value": 2.083049774169922,
            "min": 0.1199130043387413,
            "max": 2.083049774169922,
            "count": 2
        },
        "Car.Policy.ExtrinsicValueEstimate.sum": {
            "value": 352.0354309082031,
            "min": 21.22460174560547,
            "max": 352.0354309082031,
            "count": 2
        },
        "Car.Environment.CumulativeReward.mean": {
            "value": 13.053571428571429,
            "min": 0.4634146341463415,
            "max": 13.053571428571429,
            "count": 2
        },
        "Car.Environment.CumulativeReward.sum": {
            "value": 365.5,
            "min": 19.0,
            "max": 365.5,
            "count": 2
        },
        "Car.Policy.ExtrinsicReward.mean": {
            "value": 13.053571428571429,
            "min": 0.4634146341463415,
            "max": 13.053571428571429,
            "count": 2
        },
        "Car.Policy.ExtrinsicReward.sum": {
            "value": 365.5,
            "min": 19.0,
            "max": 365.5,
            "count": 2
        },
        "Car.Losses.PolicyLoss.mean": {
            "value": 0.2462308789227569,
            "min": 0.24303061473919899,
            "max": 0.2462308789227569,
            "count": 2
        },
        "Car.Losses.PolicyLoss.sum": {
            "value": 18.46731591920677,
            "min": 18.46731591920677,
            "max": 18.470326720179123,
            "count": 2
        },
        "Car.Losses.ValueLoss.mean": {
            "value": 7.639588702118643,
            "min": 0.027629699259576736,
            "max": 7.639588702118643,
            "count": 2
        },
        "Car.Losses.ValueLoss.sum": {
            "value": 572.9691526588982,
            "min": 2.099857143727832,
            "max": 572.9691526588982,
            "count": 2
        },
        "Car.Policy.LearningRate.mean": {
            "value": 0.0002970023716658764,
            "min": 0.0002970023716658764,
            "max": 0.00029898121876064656,
            "count": 2
        },
        "Car.Policy.LearningRate.sum": {
            "value": 0.02227517787494073,
            "min": 0.02227517787494073,
            "max": 0.022722572625809137,
            "count": 2
        },
        "Car.Policy.Epsilon.mean": {
            "value": 0.19900079022222222,
            "min": 0.19900079022222222,
            "max": 0.19966040614035088,
            "count": 2
        },
        "Car.Policy.Epsilon.sum": {
            "value": 14.925059266666667,
            "min": 14.925059266666667,
            "max": 15.174190866666667,
            "count": 2
        },
        "Car.Policy.Beta.mean": {
            "value": 0.0005000000000000001,
            "min": 0.0005000000000000001,
            "max": 0.0005000000000000001,
            "count": 2
        },
        "Car.Policy.Beta.sum": {
            "value": 0.037500000000000006,
            "min": 0.037500000000000006,
            "max": 0.038000000000000006,
            "count": 2
        },
        "Car.IsTraining.mean": {
            "value": 1.0,
            "min": 1.0,
            "max": 1.0,
            "count": 2
        },
        "Car.IsTraining.sum": {
            "value": 1.0,
            "min": 1.0,
            "max": 1.0,
            "count": 2
        }
    },
    "metadata": {
        "timer_format_version": "0.1.0",
        "start_time_seconds": "1747479291",
        "python_version": "3.10.0 (tags/v3.10.0:b494f59, Oct  4 2021, 19:00:18) [MSC v.1929 64 bit (AMD64)]",
        "command_line_arguments": "C:\\Users\\Cosinus\\workspace\\Propaganda\\XR-BINIU\\venv\\Scripts\\mlagents-learn config\\CarDrive.yaml --force",
        "mlagents_version": "0.30.0",
        "mlagents_envs_version": "0.30.0",
        "communication_protocol_version": "1.5.0",
        "pytorch_version": "2.7.0+cpu",
        "numpy_version": "1.21.2",
        "end_time_seconds": "1747479460"
    },
    "total": 168.73756310000317,
    "count": 1,
    "self": 0.005261799989966676,
    "children": {
        "run_training.setup": {
            "total": 0.0609827000007499,
            "count": 1,
            "self": 0.0609827000007499
        },
        "TrainerController.start_learning": {
            "total": 168.67131860001246,
            "count": 1,
            "self": 0.11759309892659076,
            "children": {
                "TrainerController._reset_env": {
                    "total": 9.683709500008263,
                    "count": 1,
                    "self": 9.683709500008263
                },
                "TrainerController.advance": {
                    "total": 158.6670936010778,
                    "count": 5984,
                    "self": 0.09833750096731819,
                    "children": {
                        "env_step": {
                            "total": 110.14807349906187,
                            "count": 5984,
                            "self": 101.50493790119071,
                            "children": {
                                "SubprocessEnvManager._take_step": {
                                    "total": 8.56934529953287,
                                    "count": 5984,
                                    "self": 0.3235318003280554,
                                    "children": {
                                        "TorchPolicy.evaluate": {
                                            "total": 8.245813499204814,
                                            "count": 5984,
                                            "self": 8.245813499204814
                                        }
                                    }
                                },
                                "workers": {
                                    "total": 0.07379029833828099,
                                    "count": 5983,
                                    "self": 0.0,
                                    "children": {
                                        "worker_root": {
                                            "total": 103.03417859910405,
                                            "count": 5983,
                                            "is_parallel": true,
                                            "self": 64.776507199771,
                                            "children": {
                                                "steps_from_proto": {
                                                    "total": 0.0004774999979417771,
                                                    "count": 1,
                                                    "is_parallel": true,
                                                    "self": 0.00020239994046278298,