{
    "name": "root",
    "gauges": {
        "Car.Policy.Entropy.mean": {
            "value": 0.2752020061016083,
            "min": 0.24474607408046722,
            "max": 1.6535539627075195,
            "count": 50
        },
        "Car.Policy.Entropy.sum": {
            "value": 2764.12890625,
            "min": 2450.88720703125,
            "max": 16866.25,
            "count": 50
        },
        "Car.Step.mean": {
            "value": 499970.0,
            "min": 9977.0,
            "max": 499970.0,
            "count": 50
        },
        "Car.Step.sum": {
            "value": 499970.0,
            "min": 9977.0,
            "max": 499970.0,
            "count": 50
        },
        "Car.Policy.ExtrinsicValueEstimate.mean": {
            "value": 12.116300582885742,
            "min": 0.77512127161026,
            "max": 14.505036354064941,
            "count": 50
        },
        "Car.Policy.ExtrinsicValueEstimate.sum": {
            "value": 2023.422119140625,
            "min": 146.4979248046875,
            "max": 2422.341064453125,
            "count": 50
        },
        "Car.Losses.PolicyLoss.mean": {
            "value": 0.2416732737911433,
            "min": 0.2343925012180136,
            "max": 0.2513674257664338,
            "count": 50
        },
        "Car.Losses.PolicyLoss.sum": {
            "value": 18.36716880812689,
            "min": 16.369058694193253,
            "max": 19.839403309809406,
            "count": 50
        },
        "Car.Losses.ValueLoss.mean": {
            "value": 21.844773808760987,
            "min": 0.34923233000923876,
            "max": 23.305585190856753,
            "count": 50
        },
        "Car.Losses.ValueLoss.sum": {
            "value": 1660.2028094658351,
            "min": 23.747798440628234,
            "max": 1747.9188893142564,
            "count": 50
        },
        "Car.Policy.LearningRate.mean": {
            "value": 3.012154259139475e-06,
            "min": 3.012154259139475e-06,
            "max": 0.0002967672363717058,
            "count": 50
        },
        "Car.Policy.LearningRate.sum": {
            "value": 0.00022892372369460009,
            "min": 0.00022892372369460009,
            "max": 0.022408131230622998,
            "count": 50
        },
        "Car.Policy.Epsilon.mean": {
            "value": 0.10100401842105262,
            "min": 0.10100401842105262,
            "max": 0.19892241176470588,
            "count": 50
        },
        "Car.Policy.Epsilon.sum": {
            "value": 7.6763053999999995,
            "min": 7.6763053999999995,
            "max": 15.169376999999999,
            "count": 50
        },
        "Car.Policy.Beta.mean": {
            "value": 0.0005000000000000001,
            "min": 0.0005,
            "max": 0.0005000000000000001,
            "count": 50
        },
        "Car.Policy.Beta.sum": {
            "value": 0.038000000000000006,
            "min": 0.0335,
            "max": 0.04000000000000001,
            "count": 50
        },
        "Car.Environment.EpisodeLength.mean": {
            "value": 470.5,
            "min": 138.890625,
            "max": 794.2142857142857,
            "count": 50
        },
        "Car.Environment.EpisodeLength.sum": {
            "value": 11292.0,
            "min": 7349.0,
            "max": 12629.0,
            "count": 50
        },
        "Car.Environment.CumulativeReward.mean": {
            "value": 73.08695652173913,
            "min": 2.25,
            "max": 115.5,
            "count": 50
        },
        "Car.Environment.CumulativeReward.sum": {
            "value": 1681.0,
            "min": 144.0,
            "max": 1839.5,
            "count": 50
        },
        "Car.Policy.ExtrinsicReward.mean": {
            "value": 73.08695652173913,
            "min": 2.25,
            "max": 115.5,
            "count": 50
        },
        "Car.Policy.ExtrinsicReward.sum": {
            "value": 1681.0,
            "min": 144.0,
            "max": 1839.5,
            "count": 50
        },
        "Car.IsTraining.mean": {
            "value": 1.0,
            "min": 1.0,
            "max": 1.0,
            "count": 50
        },
        "Car.IsTraining.sum": {
            "value": 1.0,
            "min": 1.0,
            "max": 1.0,
            "count": 50
        }
    },
    "metadata": {
        "timer_format_version": "0.1.0",
        "start_time_seconds": "1747463661",
        "python_version": "3.10.0 (tags/v3.10.0:b494f59, Oct  4 2021, 19:00:18) [MSC v.1929 64 bit (AMD64)]",
        "command_line_arguments": "C:\\Users\\Cosinus\\workspace\\Propaganda\\XR-BINIU\\venv\\Scripts\\mlagents-learn config\\CarDrive.yaml --force",
        "mlagents_version": "0.30.0",
        "mlagents_envs_version": "0.30.0",
        "communication_protocol_version": "1.5.0",
        "pytorch_version": "2.7.0+cpu",
        "numpy_version": "1.21.2",
        "end_time_seconds": "1747465142"
    },
    "total": 1481.5834662999841,
    "count": 1,
    "self": 0.014489099994534627,
    "children": {
        "run_training.setup": {
            "total": 0.08263789999182336,
            "count": 1,
            "self": 0.08263789999182336
        },
        "TrainerController.start_learning": {
            "total": 1481.4863392999978,
            "count": 1,
            "self": 1.3139835012552794,
            "children": {
                "TrainerController._reset_env": {
                    "total": 13.937630600004923,
                    "count": 1,
                    "self": 13.937630600004923
                },
                "TrainerController.advance": {
                    "total": 1466.1673394987301,
                    "count": 83381,
                    "self": 1.0942492955655325,
                    "children": {
                        "env_step": {
                            "total": 728.652327000309,
                            "count": 83381,
                            "self": 627.4243964953348,
                            "children": {
                                "SubprocessEnvManager._take_step": {
                                    "total": 100.41145850281464,
                                    "count": 83381,
                                    "self": 3.778916204057168,
                                    "children": {
                                        "TorchPolicy.evaluate": {
                                            "total": 96.63254229875747,
                                            "count": 83381,
                                            "self": 96.63254229875747
                                        }
                                    }
                                },
                                "workers": {
                                    "total": 0.8164720021595713,
                                    "count": 83381,
                                    "self": 0.0,
                                    "children": {
                                        "worker_root": {
                                            "total": 1467.422412003245,
                                            "count": 83381,
                                            "is_parallel": true,
                                            "self": 913.1413670999464,
                                            "children": {
                                                "steps_from_proto": {
                                                    "total": 0.005521199986105785,
                                                    "count": 1,
                                                    "is_parallel": true,
                                                    "self": 0.0010924999660346657,
                                                    "children": {
                                                        "_process_rank_one_or_two_observation": {
                                                            "total": 0.004428700020071119,