{
    "name": "root",
    "metadata": {
        "timer_format_version": "0.1.0",
        "start_time_seconds": "1747000466",
        "python_version": "3.10.0 (tags/v3.10.0:b494f59, Oct  4 2021, 19:00:18) [MSC v.1929 64 bit (AMD64)]",
        "command_line_arguments": "C:\\Users\\Cosinus\\workspace\\Propaganda\\XR-BINIU\\venv\\Scripts\\mlagents-learn --force",
        "mlagents_version": "0.30.0",
        "mlagents_envs_version": "0.30.0",
        "communication_protocol_version": "1.5.0",
        "pytorch_version": "2.7.0+cpu",
        "numpy_version": "1.21.2",
        "end_time_seconds": "1747000572"
    },
    "total": 105.78974630000084,
    "count": 1,
    "self": 0.005011100001865998,
    "children": {
        "run_training.setup": {
            "total": 0.01467889999912586,
            "count": 1,
            "self": 0.01467889999912586
        },
        "TrainerController.start_learning": {
            "total": 105.77005629999985,
            "count": 1,
            "self": 0.054785799900855636,
            "children": {
                "TrainerController._reset_env": {
                    "total": 9.948935100001108,
                    "count": 1,
                    "self": 9.948935100001108
                },
                "TrainerController.advance": {
                    "total": 95.69456040009754,
                    "count": 3117,
                    "self": 0.04831820014078403,
                    "children": {
                        "env_step": {
                            "total": 92.07442700000684,
                            "count": 3117,
                            "self": 87.76620640013789,
                            "children": {
                                "SubprocessEnvManager._take_step": {
                                    "total": 4.272410599965951,
                                    "count": 3117,
                                    "self": 0.16279979990576976,
                                    "children": {
                                        "TorchPolicy.evaluate": {
                                            "total": 4.109610800060182,
                                            "count": 3117,
                                            "self": 4.109610800060182
                                        }
                                    }
                                },
                                "workers": {
                                    "total": 0.035809999902994605,
                                    "count": 3116,
                                    "self": 0.0,
                                    "children": {
                                        "worker_root": {
                                            "total": 34.606325800148625,
                                            "count": 3116,
                                            "is_parallel": true,
                                            "self": 12.419630100161157,
                                            "children": {
                                                "steps_from_proto": {
                                                    "total": 0.0005099999980302528,
                                                    "count": 1,
                                                    "is_parallel": true,
                                                    "self": 0.00018090000230586156,
                                                    "children": {
                                                        "_process_rank_one_or_two_observation": {
                                                            "total": 0.0003290999957243912,
                                                            "count": 4,
                                                            "is_parallel": true,
                                                            "self": 0.0003290999957243912
                                                        }
                                                    }
                                                },
                                                "UnityEnvironment.step": {
                                                    "total": 22.186185699989437,
                                                    "count": 3116,
                                                    "is_parallel": true,
                                                    "self": 0.33456259986633086,
                                                    "children": {
                                                        "UnityEnvironment._generate_step_input": {
                                                            "total": 0.3357481000566622,
                                                            "count": 3116,
                                                            "is_parallel": true,
                                                            "self": 0.3357481000566622
                                                        },
                                                        "communicator.exchange": {
                                                            "total": 20.53244029992493,
                                                            "count": 3116,
                                                            "is_parallel": true,
                                                            "self": 20.53244029992493
                                                        },
                                                        "steps_from_proto": {
                                                            "total": 0.9834347001415153,
                                                            "count": 3116,
                                                            "is_parallel": true,
                                                            "self": 0.4397384000803868,
                                                            "children": {
                                                                "_process_rank_one_or_two_observation": {
                                                                    "total": 0.5436963000611286,
                                                                    "count": 12464,
                                                                    "is_parallel": true,
                                                                    "self": 0.5436963000611286
                                                                }
                                                            }
                                                        }
                                                    }
                                                }
                                            }
                                        }
                                    }
                                }
                            }
                        },
                        "trainer_advance": {
                            "total": 3.571815199949924,
                            "count": 3116,
                            "self": 0.06637209991095006,
                            "children": {
                                "process_trajectory": {
                                    "total": 1.1877432000401313,
                                    "count": 3116,
                                    "self": 1.1877432000401313
                                },
                                "_update_policy": {
                                    "total": 2.3176998999988427,
                                    "count": 1,
                                    "self": 1.628769500002818,
                                    "children": {
                                        "TorchPPOOptimizer.update": {
                                            "total": 0.6889303999960248,
                                            "count": 30,