{
    "name": "root",
    "gauges": {
        "Car.Policy.Entropy.mean": {
            "value": 0.4804326295852661,
            "min": 0.2850278615951538,
            "max": 1.738959789276123,
            "count": 59
        },
        "Car.Policy.Entropy.sum": {
            "value": 4787.99169921875,
            "min": 2844.008056640625,
            "max": 17758.2578125,
            "count": 59
        },
        "Car.Step.mean": {
            "value": 589987.0,
            "min": 9955.0,
            "max": 589987.0,
            "count": 59
        },
        "Car.Step.sum": {
            "value": 589987.0,
            "min": 9955.0,
            "max": 589987.0,
            "count": 59
        },
        "Car.Policy.ExtrinsicValueEstimate.mean": {
            "value": 10.866928100585938,
            "min": -0.04304316267371178,
            "max": 15.992770195007324,
            "count": 59
        },
        "Car.Policy.ExtrinsicValueEstimate.sum": {
            "value": 1771.309326171875,
            "min": -7.446467399597168,
            "max": 2606.17138671875,
            "count": 59
        },
        "Car.Losses.PolicyLoss.mean": {
            "value": 0.24061490677413408,
            "min": 0.23366714988636442,
            "max": 0.2511031497644649,
            "count": 59
        },
        "Car.Losses.PolicyLoss.sum": {
            "value": 18.527347821608323,
            "min": 15.580938477587573,
            "max": 19.50083069306849,
            "count": 59
        },
        "Car.Losses.ValueLoss.mean": {
            "value": 40.50947484459992,
            "min": 0.009537740235128433,
            "max": 98.8143457007747,
            "count": 59
        },
        "Car.Losses.ValueLoss.sum": {
            "value": 3119.2295630341937,
            "min": 0.6199531152833482,
            "max": 7608.704618959651,
            "count": 59
        },
        "Car.Policy.LearningRate.mean": {
            "value": 0.0001829976649748173,
            "min": 0.0001829976649748173,
            "max": 0.0002988514711520738,
            "count": 59
        },
        "Car.Policy.LearningRate.sum": {
            "value": 0.014090820203060933,
            "min": 0.014090820203060933,
            "max": 0.022571955076014998,
            "count": 59
        },
        "Car.Policy.Epsilon.mean": {
            "value": 0.16099920865800865,
            "min": 0.16099920865800865,
            "max": 0.1996171569230769,
            "count": 59
        },
        "Car.Policy.Epsilon.sum": {
            "value": 12.396939066666667,
            "min": 11.881510266666666,
            "max": 15.123985,
            "count": 59
        },
        "Car.Policy.Beta.mean": {
            "value": 0.0005000000000000001,
            "min": 0.0005,
            "max": 0.0005000000000000001,
            "count": 59
        },
        "Car.Policy.Beta.sum": {
            "value": 0.038500000000000006,
            "min": 0.032,
            "max": 0.03950000000000001,
            "count": 59
        },
        "Car.Environment.EpisodeLength.mean": {
            "value": 712.2142857142857,
            "min": 137.77777777777777,
            "max": 1375.2857142857142,
            "count": 59
        },
        "Car.Environment.EpisodeLength.sum": {
            "value": 9971.0,
            "min": 6529.0,
            "max": 13076.0,
            "count": 59
        },
        "Car.Environment.CumulativeReward.mean": {
            "value": 94.60769288585736,
            "min": -0.03902438137589431,
            "max": 188.25000024835268,
            "count": 59
        },
        "Car.Environment.CumulativeReward.sum": {
            "value": 1229.9000075161457,
            "min": -1.5999996364116669,
            "max": 1859.4000072181225,
            "count": 59
        },
        "Car.Policy.ExtrinsicReward.mean": {
            "value": 94.60769288585736,
            "min": -0.03902438137589431,
            "max": 188.25000024835268,
            "count": 59
        },
        "Car.Policy.ExtrinsicReward.sum": {
            "value": 1229.9000075161457,
            "min": -1.5999996364116669,
            "max": 1859.4000072181225,
            "count": 59
        },
        "Car.IsTraining.mean": {
            "value": 1.0,
            "min": 1.0,
            "max": 1.0,
            "count": 59
        },
        "Car.IsTraining.sum": {
            "value": 1.0,
            "min": 1.0,
            "max": 1.0,
            "count": 59
        }
    },
    "metadata": {
        "timer_format_version": "0.1.0",
        "start_time_seconds": "1747475264",
        "python_version": "3.10.0 (tags/v3.10.0:b494f59, Oct  4 2021, 19:00:18) [MSC v.1929 64 bit (AMD64)]",
        "command_line_arguments": "C:\\Users\\Cosinus\\workspace\\Propaganda\\XR-BINIU\\venv\\Scripts\\mlagents-learn config\\CarDrive.yaml --force",
        "mlagents_version": "0.30.0",
        "mlagents_envs_version": "0.30.0",
        "communication_protocol_version": "1.5.0",
        "pytorch_version": "2.7.0+cpu",
        "numpy_version": "1.21.2",
        "end_time_seconds": "1747477441"
    },
    "total": 2177.4710997999937,
    "count": 1,
    "self": 0.005801600025733933,
    "children": {
        "run_training.setup": {
            "total": 0.0935289999761153,
            "count": 1,
            "self": 0.0935289999761153
        },
        "TrainerController.start_learning": {
            "total": 2177.371769199992,
            "count": 1,
            "self": 2.4398076049110387,
            "children": {
                "TrainerController._reset_env": {
                    "total": 14.380969499994535,
                    "count": 1,
                    "self": 14.380969499994535
                },
                "TrainerController.advance": {
                    "total": 2160.4811561950773,
                    "count": 99634,
                    "self": 2.106590281240642,
                    "children": {
                        "env_step": {
                            "total": 1026.805817307817,
                            "count": 99634,
                            "self": 848.7695706143568,
                            "children": {
                                "SubprocessEnvManager._take_step": {
                                    "total": 176.4612210932828,
                                    "count": 99634,
                                    "self": 6.817239191004774,
                                    "children": {
                                        "TorchPolicy.evaluate": {
                                            "total": 169.64398190227803,
                                            "count": 99634,
                                            "self": 169.64398190227803
                                        }
                                    }
                                },
                                "workers": {
                                    "total": 1.5750256001774687,
                                    "count": 99633,
                                    "self": 0.0,
                                    "children": {
                                        "worker_root": {
                                            "total": 2153.877648295893,
                                            "count": 99633,
                                            "is_parallel": true,
                                            "self": 1441.1515078930533,
                                            "children": {
                                                "steps_from_proto": {
                                                    "total": 0.0008525000012014061,
                                                    "count": 1,
                                                    "is_parallel": true,
                                                    "self": 0.00045209997915662825,